,0,1,2,3,4,5,6,7,8,9,10,11,12,13,14,15
0,"(0.0, 21.5, 2)","(0.0, 14.0, 3)","(2.23606797749979, 8.5, 4)","(0.0, 50.5, 5)","(0.0, 18.0, 6)","(0.0, 33.5, 7)",,,,,,,,,,
1,"(0.0, 21.5, 2)","(0.0, 14.0, 3)","(0.0, 8.5, 4)",,,,,,,,,,,,,
2,"(0.0, 21.5, 2)","(0.0, 14.0, 3)","(0.0, 8.5, 4)","(0.0, 50.5, 5)","(0.0, 18.0, 6)","(0.0, 33.5, 7)",,,,,,,,,,
3,"(0.0, 21.5, 2)","(0.0, 14.0, 3)","(0.0, 8.5, 4)",,,,,,,,,,,,,
4,"(0.0, 21.5, 2)","(0.0, 14.0, 3)","(0.0, 8.5, 4)",,,,,,,,,,,,,
5,"(0.0, 21.5, 2)","(0.0, 14.0, 3)","(0.0, 8.5, 4)",,,,,,,,,,,,,
6,"(0.0, 21.5, 2)","(0.0, 14.0, 3)","(0.0, 8.5, 4)",,,,,,,,,,,,,
7,"(0.0, 21.5, 2)","(0.0, 14.0, 3)","(0.0, 8.5, 4)","(0.0, 50.5, 5)","(0.0, 18.0, 6)","(0.0, 33.5, 7)",,,,,,,,,,
8,"(0.0, 21.5, 2)","(0.0, 14.0, 3)","(0.0, 8.5, 4)",,,,,,,,,,,,,
9,"(0.0, 21.5, 2)","(0.0, 14.0, 3)","(0.0, 8.5, 4)","(0.0, 50.5, 5)","(0.0, 18.0, 6)","(0.0, 33.5, 7)",,,,,,,,,,
10,"(0.0, 21.5, 2)","(0.0, 14.0, 3)","(0.0, 8.5, 4)","(0.0, 50.5, 5)","(0.0, 18.0, 6)","(0.0, 33.5, 7)",,,,,,,,,,
11,"(0.0, 21.5, 2)","(0.0, 14.0, 3)","(1.0, 8.5, 4)","(0.0, 50.5, 5)","(0.0, 18.0, 6)","(0.0, 33.5, 7)",,,,,,,,,,
12,"(0.0, 21.5, 2)","(0.0, 14.0, 3)","(1.0, 8.5, 4)","(0.0, 50.5, 5)","(0.0, 18.0, 6)","(0.0, 33.5, 7)",,,,,,,,,,
13,"(0.0, 21.5, 2)","(0.0, 14.0, 3)","(0.0, 8.5, 4)",,,,,,,,,,,,,
14,"(0.0, 21.5, 2)","(0.0, 14.0, 3)","(0.0, 8.5, 4)",,,,,,,,,,,,,
15,"(0.0, 21.5, 2)","(0.0, 14.0, 3)","(1.0, 8.5, 4)","(0.0, 50.5, 5)","(0.0, 18.0, 6)","(0.0, 33.5, 7)",,,,,,,,,,
16,"(0.0, 21.5, 2)","(0.0, 14.0, 3)","(0.0, 8.5, 4)",,,,,,,,,,,,,
17,"(0.0, 21.5, 2)","(0.0, 14.0, 3)","(2.8284271247461903, 8.5, 4)","(0.0, 50.5, 5)","(0.0, 18.0, 6)","(0.0, 33.5, 7)",,,,,,,,,,
18,"(0.0, 21.5, 2)","(0.0, 14.0, 3)","(1.4142135623730951, 8.5, 4)","(0.0, 50.5, 5)","(0.0, 18.0, 6)","(0.0, 33.5, 7)",,,,,,,,,,
19,"(0.0, 21.5, 2)","(0.0, 14.0, 3)","(0.0, 8.5, 4)","(0.0, 50.5, 5)","(0.0, 18.0, 6)","(0.0, 33.5, 7)",,,,,,,,,,
20,"(0.0, 21.5, 2)","(0.0, 14.0, 3)","(0.0, 8.5, 4)","(0.0, 50.5, 5)","(0.0, 18.0, 6)","(0.0, 33.5, 7)",,,,,,,,,,
21,"(0.0, 21.5, 2)","(0.0, 14.0, 3)","(4.123105625617661, 8.5, 4)","(0.0, 50.5, 5)","(0.0, 18.0, 6)","(0.0, 33.5, 7)",,,,,,,,,,
22,"(0.0, 21.5, 2)","(0.0, 14.0, 3)","(0.0, 8.5, 4)","(0.0, 50.5, 5)","(0.0, 18.0, 6)","(0.0, 33.5, 7)",,,,,,,,,,
23,"(0.0, 21.5, 2)","(0.0, 14.0, 3)","(9.486832980505138, 8.5, 4)","(0.0, 50.5, 5)","(0.0, 18.0, 6)","(0.0, 33.5, 7)",,,,,,,,,,
24,"(0.0, 21.5, 2)","(0.0, 14.0, 3)","(3.605551275463989, 8.5, 4)","(0.0, 50.5, 5)","(0.0, 18.0, 6)","(0.0, 33.5, 7)",,,,,,,,,,
25,"(0.0, 21.5, 2)","(0.0, 14.0, 3)","(8.06225774829855, 8.5, 4)","(0.0, 50.5, 5)","(0.0, 18.0, 6)","(0.0, 33.5, 7)",,,,,,,,,,
26,"(0.0, 21.5, 2)","(0.0, 14.0, 3)","(0.0, 8.5, 4)",,,,,,,,,,,,,
27,"(0.0, 21.5, 2)","(0.0, 14.0, 3)","(0.0, 8.5, 4)","(0.0, 50.5, 5)","(0.0, 18.0, 6)","(0.0, 33.5, 7)",,,,,,,,,,
28,"(0.0, 21.5, 2)","(0.0, 14.0, 3)","(25.317977802344327, 8.5, 4)","(0.0, 50.5, 5)","(0.0, 18.0, 6)","(0.0, 33.5, 7)",,,,,,,,,,
29,"(0.0, 21.5, 2)","(0.0, 14.0, 3)","(0.0, 8.5, 4)",,,,,,,,,,,,,
30,"(0.0, 21.5, 2)","(0.0, 14.0, 3)","(0.0, 8.5, 4)",,,,,,,,,,,,,
31,"(0.0, 21.5, 2)","(0.0, 14.0, 3)","(0.0, 8.5, 4)",,,,,,,,,,,,,
32,"(0.0, 21.5, 2)","(0.0, 14.0, 3)","(2.0, 8.5, 4)","(0.0, 50.5, 5)","(0.0, 18.0, 6)","(0.0, 33.5, 7)",,,,,,,,,,
33,"(0.0, 21.5, 2)","(0.0, 14.0, 3)","(0.0, 8.5, 4)",,,,,,,,,,,,,
34,"(0.0, 21.5, 2)","(0.0, 14.0, 3)","(0.0, 8.5, 4)",,,,,,,,,,,,,
35,"(0.0, 21.5, 2)","(0.0, 14.0, 3)","(0.0, 8.5, 4)",,,,,,,,,,,,,
36,"(0.0, 21.5, 2)","(0.0, 14.0, 3)","(1.0, 8.5, 4)","(0.0, 50.5, 5)","(0.0, 18.0, 6)","(0.0, 33.5, 7)",,,,,,,,,,
37,"(0.0, 21.5, 2)","(0.0, 14.0, 3)","(0.0, 8.5, 4)",,,,,,,,,,,,,
38,"(0.0, 21.5, 2)","(0.0, 14.0, 3)","(0.0, 8.5, 4)",,,,,,,,,,,,,
39,"(0.0, 21.5, 2)","(0.0, 14.0, 3)","(0.0, 8.5, 4)","(0.0, 50.5, 5)","(0.0, 18.0, 6)","(0.0, 33.5, 7)",,,,,,,,,,
40,"(0.0, 21.5, 2)","(0.0, 14.0, 3)","(1.4142135623730951, 8.5, 4)","(0.0, 50.5, 5)","(0.0, 18.0, 6)","(0.0, 33.5, 7)",,,,,,,,,,
41,"(0.0, 21.5, 2)","(0.0, 14.0, 3)","(1.0, 8.5, 4)","(0.0, 50.5, 5)","(0.0, 18.0, 6)","(0.0, 33.5, 7)",,,,,,,,,,
42,"(0.0, 21.5, 2)","(0.0, 14.0, 3)","(0.0, 8.5, 4)",,,,,,,,,,,,,
43,"(0.0, 21.5, 2)","(0.0, 14.0, 3)","(0.0, 8.5, 4)",,,,,,,,,,,,,
44,"(0.0, 21.5, 2)","(0.0, 14.0, 3)","(18.439088914585774, 8.5, 4)","(0.0, 50.5, 5)","(0.0, 18.0, 6)","(0.0, 33.5, 7)",,,,,,,,,,
45,"(0.0, 21.5, 2)","(0.0, 14.0, 3)","(2.0, 8.5, 4)","(0.0, 50.5, 5)","(0.0, 18.0, 6)","(0.0, 33.5, 7)",,,,,,,,,,
46,"(0.0, 21.5, 2)","(0.0, 14.0, 3)","(1.4142135623730951, 8.5, 4)","(0.0, 50.5, 5)","(0.0, 18.0, 6)","(0.0, 33.5, 7)",,,,,,,,,,
47,"(0.0, 21.5, 2)","(0.0, 14.0, 3)","(0.0, 8.5, 4)",,,,,,,,,,,,,
48,"(0.0, 21.5, 2)","(0.0, 14.0, 3)","(0.0, 8.5, 4)",,,,,,,,,,,,,
49,"(0.0, 21.5, 2)","(0.0, 14.0, 3)","(0.0, 8.5, 4)","(0.0, 50.5, 5)","(0.0, 18.0, 6)","(0.0, 33.5, 7)",,,,,,,,,,
50,"(0.0, 21.5, 2)","(0.0, 14.0, 3)","(0.0, 8.5, 4)",,,,,,,,,,,,,
51,"(0.0, 21.5, 2)","(0.0, 14.0, 3)","(1.4142135623730951, 8.5, 4)","(0.0, 50.5, 5)","(0.0, 18.0, 6)","(0.0, 33.5, 7)",,,,,,,,,,
52,"(0.0, 21.5, 2)","(0.0, 14.0, 3)","(0.0, 8.5, 4)",,,,,,,,,,,,,
53,"(0.0, 21.5, 2)","(0.0, 14.0, 3)","(3.1622776601683795, 8.5, 4)","(0.0, 50.5, 5)","(0.0, 18.0, 6)","(0.0, 33.5, 7)",,,,,,,,,,
54,"(0.0, 21.5, 2)","(16.1245154965971, 14.0, 3)","(0.0, 8.5, 4)","(0.0, 50.5, 5)","(20.12461179749811, 18.0, 6)","(0.0, 33.5, 7)","(0.0, 53.0, 8)","(0.0, 30.0, 9)",,,,,,,,
55,"(0.0, 21.5, 2)","(0.0, 14.0, 3)","(0.0, 8.5, 4)",,,,,,,,,,,,,
56,"(0.0, 21.5, 2)","(4.0, 14.0, 3)","(4.123105625617661, 8.5, 4)","(0.0, 50.5, 5)","(0.0, 18.0, 6)","(22.090722034374522, 33.5, 7)","(0.0, 53.0, 8)","(21.095023109728988, 30.0, 9)","(0.0, 41.0, 10)","(0.0, 17.5, 11)","(3.1622776601683795, 7.0, 12)","(0.0, 22.0, 13)","(0.0, 31.5, 14)","(0.0, 52.5, 15)",,
57,"(0.0, 21.5, 2)","(0.0, 14.0, 3)","(0.0, 8.5, 4)",,,,,,,,,,,,,
58,"(0.0, 21.5, 2)","(0.0, 14.0, 3)","(16.278820596099706, 8.5, 4)","(0.0, 50.5, 5)","(0.0, 18.0, 6)","(0.0, 33.5, 7)",,,,,,,,,,
59,"(0.0, 21.5, 2)","(0.0, 14.0, 3)","(0.0, 8.5, 4)",,,,,,,,,,,,,
60,"(0.0, 21.5, 2)","(0.0, 14.0, 3)","(24.186773244895647, 8.5, 4)","(0.0, 50.5, 5)","(0.0, 18.0, 6)","(0.0, 33.5, 7)",,,,,,,,,,
61,"(0.0, 21.5, 2)","(0.0, 14.0, 3)","(1.0, 8.5, 4)","(0.0, 50.5, 5)","(0.0, 18.0, 6)","(0.0, 33.5, 7)",,,,,,,,,,
62,"(0.0, 21.5, 2)","(0.0, 14.0, 3)","(0.0, 8.5, 4)",,,,,,,,,,,,,
63,"(0.0, 21.5, 2)","(0.0, 14.0, 3)","(0.0, 8.5, 4)",,,,,,,,,,,,,
64,"(0.0, 21.5, 2)","(0.0, 14.0, 3)","(0.0, 8.5, 4)",,,,,,,,,,,,,
65,"(0.0, 21.5, 2)","(0.0, 14.0, 3)","(13.0, 8.5, 4)","(0.0, 50.5, 5)","(0.0, 18.0, 6)","(0.0, 33.5, 7)",,,,,,,,,,
66,"(0.0, 21.5, 2)","(0.0, 14.0, 3)","(0.0, 8.5, 4)",,,,,,,,,,,,,
67,"(0.0, 21.5, 2)","(0.0, 14.0, 3)","(0.0, 8.5, 4)",,,,,,,,,,,,,
68,"(0.0, 21.5, 2)","(0.0, 14.0, 3)","(0.0, 8.5, 4)",,,,,,,,,,,,,
69,"(0.0, 21.5, 2)","(0.0, 14.0, 3)","(1.0, 8.5, 4)","(0.0, 50.5, 5)","(0.0, 18.0, 6)","(0.0, 33.5, 7)",,,,,,,,,,
70,"(0.0, 21.5, 2)","(0.0, 14.0, 3)","(0.0, 8.5, 4)",,,,,,,,,,,,,
71,"(0.0, 21.5, 2)","(0.0, 14.0, 3)","(0.0, 8.5, 4)",,,,,,,,,,,,,
72,"(0.0, 21.5, 2)","(0.0, 14.0, 3)","(0.0, 8.5, 4)",,,,,,,,,,,,,
73,"(0.0, 21.5, 2)","(0.0, 14.0, 3)","(0.0, 8.5, 4)",,,,,,,,,,,,,
74,"(0.0, 21.5, 2)","(0.0, 14.0, 3)","(1.0, 8.5, 4)","(0.0, 50.5, 5)","(0.0, 18.0, 6)","(0.0, 33.5, 7)",,,,,,,,,,
75,"(0.0, 21.5, 2)","(0.0, 14.0, 3)","(0.0, 8.5, 4)",,,,,,,,,,,,,
76,"(0.0, 21.5, 2)","(0.0, 14.0, 3)","(4.123105625617661, 8.5, 4)","(0.0, 50.5, 5)","(0.0, 18.0, 6)","(0.0, 33.5, 7)",,,,,,,,,,
77,"(0.0, 21.5, 2)","(0.0, 14.0, 3)","(0.0, 8.5, 4)",,,,,,,,,,,,,
78,"(0.0, 21.5, 2)","(0.0, 14.0, 3)","(1.0, 8.5, 4)","(0.0, 50.5, 5)","(0.0, 18.0, 6)","(0.0, 33.5, 7)",,,,,,,,,,
79,"(0.0, 21.5, 2)","(0.0, 14.0, 3)","(0.0, 8.5, 4)",,,,,,,,,,,,,
80,"(0.0, 21.5, 2)","(0.0, 14.0, 3)","(0.0, 8.5, 4)","(0.0, 50.5, 5)","(0.0, 18.0, 6)","(0.0, 33.5, 7)",,,,,,,,,,
81,"(0.0, 21.5, 2)","(0.0, 14.0, 3)","(1.0, 8.5, 4)","(0.0, 50.5, 5)","(0.0, 18.0, 6)","(0.0, 33.5, 7)",,,,,,,,,,
82,"(0.0, 21.5, 2)","(0.0, 14.0, 3)","(0.0, 8.5, 4)",,,,,,,,,,,,,
83,"(0.0, 21.5, 2)","(0.0, 14.0, 3)","(0.0, 8.5, 4)",,,,,,,,,,,,,
84,"(0.0, 8.5, 4)","(0.0, 50.5, 5)","(0.0, 18.0, 6)","(0.0, 33.5, 7)","(0.0, 53.0, 8)","(0.0, 30.0, 9)","(0.0, 41.0, 10)","(0.0, 17.5, 11)","(0.0, 7.0, 12)","(0.0, 22.0, 13)","(0.0, 31.5, 14)",,,,,
85,"(0.0, 8.5, 4)","(0.0, 50.5, 5)","(0.0, 18.0, 6)",,,,,,,,,,,,,
86,"(0.0, 8.5, 4)","(0.0, 50.5, 5)","(0.0, 18.0, 6)",,,,,,,,,,,,,
87,"(0.0, 8.5, 4)","(0.0, 50.5, 5)","(0.0, 18.0, 6)",,,,,,,,,,,,,
88,"(0.0, 8.5, 4)","(0.0, 50.5, 5)","(0.0, 18.0, 6)",,,,,,,,,,,,,
89,"(0.0, 8.5, 4)","(0.0, 50.5, 5)","(0.0, 18.0, 6)",,,,,,,,,,,,,
90,"(0.0, 8.5, 4)","(0.0, 50.5, 5)","(0.0, 18.0, 6)","(20.0, 33.5, 7)","(0.0, 53.0, 8)","(0.0, 30.0, 9)","(0.0, 41.0, 10)",,,,,,,,,
91,"(0.0, 8.5, 4)","(0.0, 50.5, 5)","(0.0, 18.0, 6)",,,,,,,,,,,,,
92,"(0.0, 8.5, 4)","(0.0, 50.5, 5)","(0.0, 18.0, 6)",,,,,,,,,,,,,
93,"(0.0, 8.5, 4)","(0.0, 50.5, 5)","(0.0, 18.0, 6)",,,,,,,,,,,,,
94,"(0.0, 8.5, 4)","(0.0, 50.5, 5)","(1.0, 18.0, 6)","(0.0, 33.5, 7)","(0.0, 53.0, 8)","(1.0, 30.0, 9)","(0.0, 41.0, 10)","(0.0, 17.5, 11)","(0.0, 7.0, 12)",,,,,,,
95,"(0.0, 8.5, 4)","(0.0, 50.5, 5)","(0.0, 18.0, 6)",,,,,,,,,,,,,
96,"(0.0, 8.5, 4)","(0.0, 50.5, 5)","(0.0, 18.0, 6)",,,,,,,,,,,,,
97,"(0.0, 8.5, 4)","(0.0, 50.5, 5)","(0.0, 18.0, 6)",,,,,,,,,,,,,
98,"(0.0, 8.5, 4)","(0.0, 50.5, 5)","(0.0, 18.0, 6)",,,,,,,,,,,,,
99,"(0.0, 8.5, 4)","(0.0, 50.5, 5)","(13.0, 18.0, 6)","(23.194827009486403, 33.5, 7)","(0.0, 53.0, 8)","(0.0, 30.0, 9)","(0.0, 41.0, 10)","(26.30589287593181, 17.5, 11)","(17.11724276862369, 7.0, 12)","(0.0, 22.0, 13)","(0.0, 31.5, 14)","(0.0, 52.5, 15)","(17.46424919657298, 23.5, 16)","(0.0, 6.5, 17)","(0.0, 16.0, 18)","(0.0, 40.5, 19)"
100,"(0.0, 8.5, 4)","(0.0, 50.5, 5)","(0.0, 18.0, 6)",,,,,,,,,,,,,
101,"(0.0, 8.5, 4)","(0.0, 50.5, 5)","(0.0, 18.0, 6)",,,,,,,,,,,,,
102,"(0.0, 8.5, 4)","(0.0, 50.5, 5)","(0.0, 18.0, 6)","(20.8806130178211, 33.5, 7)","(0.0, 53.0, 8)","(7.0, 30.0, 9)","(0.0, 41.0, 10)","(0.0, 17.5, 11)","(0.0, 7.0, 12)",,,,,,,
103,"(0.0, 8.5, 4)","(0.0, 50.5, 5)","(0.0, 18.0, 6)",,,,,,,,,,,,,
104,"(0.0, 8.5, 4)","(0.0, 50.5, 5)","(0.0, 18.0, 6)",,,,,,,,,,,,,
105,"(0.0, 8.5, 4)","(0.0, 50.5, 5)","(0.0, 18.0, 6)",,,,,,,,,,,,,
106,"(0.0, 8.5, 4)","(0.0, 50.5, 5)","(15.556349186104045, 18.0, 6)","(0.0, 33.5, 7)","(0.0, 53.0, 8)","(13.0, 30.0, 9)","(0.0, 41.0, 10)","(0.0, 17.5, 11)","(0.0, 7.0, 12)",,,,,,,
107,"(11.313708498984761, 8.5, 4)","(0.0, 50.5, 5)","(7.810249675906654, 18.0, 6)","(0.0, 33.5, 7)","(0.0, 53.0, 8)","(19.1049731745428, 30.0, 9)","(0.0, 41.0, 10)","(19.313207915827967, 17.5, 11)","(0.0, 7.0, 12)","(0.0, 22.0, 13)","(0.0, 31.5, 14)",,,,,
108,"(0.0, 8.5, 4)","(0.0, 50.5, 5)","(0.0, 18.0, 6)",,,,,,,,,,,,,
109,"(0.0, 8.5, 4)","(0.0, 50.5, 5)","(0.0, 18.0, 6)",,,,,,,,,,,,,
110,"(0.0, 8.5, 4)","(0.0, 50.5, 5)","(0.0, 18.0, 6)",,,,,,,,,,,,,
111,"(0.0, 8.5, 4)","(0.0, 50.5, 5)","(0.0, 18.0, 6)",,,,,,,,,,,,,
112,"(0.0, 8.5, 4)","(0.0, 50.5, 5)","(0.0, 18.0, 6)",,,,,,,,,,,,,
113,"(0.0, 8.5, 4)","(0.0, 50.5, 5)","(0.0, 18.0, 6)",,,,,,,,,,,,,
114,"(0.0, 8.5, 4)","(0.0, 50.5, 5)","(0.0, 18.0, 6)",,,,,,,,,,,,,
115,"(0.0, 8.5, 4)","(0.0, 50.5, 5)","(0.0, 18.0, 6)",,,,,,,,,,,,,
116,"(0.0, 8.5, 4)","(0.0, 50.5, 5)","(22.47220505424423, 18.0, 6)","(0.0, 33.5, 7)","(0.0, 53.0, 8)","(0.0, 30.0, 9)",,,,,,,,,,
117,"(0.0, 8.5, 4)","(0.0, 50.5, 5)","(0.0, 18.0, 6)",,,,,,,,,,,,,
118,"(0.0, 8.5, 4)","(0.0, 50.5, 5)","(0.0, 18.0, 6)","(2.23606797749979, 33.5, 7)","(0.0, 53.0, 8)","(0.0, 30.0, 9)","(0.0, 41.0, 10)",,,,,,,,,
119,"(0.0, 8.5, 4)","(0.0, 50.5, 5)","(0.0, 18.0, 6)",,,,,,,,,,,,,
120,"(0.0, 8.5, 4)","(0.0, 50.5, 5)","(0.0, 18.0, 6)",,,,,,,,,,,,,
121,"(0.0, 8.5, 4)","(0.0, 50.5, 5)","(0.0, 18.0, 6)",,,,,,,,,,,,,
122,"(0.0, 8.5, 4)","(0.0, 50.5, 5)","(3.1622776601683795, 18.0, 6)","(0.0, 33.5, 7)","(0.0, 53.0, 8)","(0.0, 30.0, 9)",,,,,,,,,,
123,"(0.0, 8.5, 4)","(0.0, 50.5, 5)","(0.0, 18.0, 6)",,,,,,,,,,,,,
124,"(0.0, 8.5, 4)","(0.0, 50.5, 5)","(0.0, 18.0, 6)",,,,,,,,,,,,,
125,"(0.0, 8.5, 4)","(0.0, 50.5, 5)","(0.0, 18.0, 6)",,,,,,,,,,,,,
126,"(0.0, 8.5, 4)","(0.0, 50.5, 5)","(0.0, 18.0, 6)",,,,,,,,,,,,,
127,"(0.0, 8.5, 4)","(0.0, 50.5, 5)","(0.0, 18.0, 6)",,,,,,,,,,,,,
128,"(0.0, 8.5, 4)","(0.0, 50.5, 5)","(0.0, 18.0, 6)",,,,,,,,,,,,,
129,"(0.0, 8.5, 4)","(0.0, 50.5, 5)","(0.0, 18.0, 6)",,,,,,,,,,,,,
130,"(0.0, 8.5, 4)","(0.0, 50.5, 5)","(0.0, 18.0, 6)",,,,,,,,,,,,,
131,"(0.0, 8.5, 4)","(0.0, 50.5, 5)","(0.0, 18.0, 6)",,,,,,,,,,,,,
132,"(0.0, 8.5, 4)","(0.0, 50.5, 5)","(0.0, 18.0, 6)",,,,,,,,,,,,,
133,"(0.0, 50.5, 5)","(0.0, 18.0, 6)","(0.0, 33.5, 7)",,,,,,,,,,,,,
134,"(0.0, 50.5, 5)","(0.0, 18.0, 6)","(0.0, 33.5, 7)",,,,,,,,,,,,,
135,"(0.0, 50.5, 5)","(0.0, 18.0, 6)","(0.0, 33.5, 7)",,,,,,,,,,,,,
136,"(0.0, 50.5, 5)","(18.867962264113206, 18.0, 6)","(0.0, 33.5, 7)","(0.0, 53.0, 8)","(0.0, 30.0, 9)",,,,,,,,,,,
137,"(0.0, 50.5, 5)","(0.0, 18.0, 6)","(0.0, 33.5, 7)",,,,,,,,,,,,,
138,"(0.0, 50.5, 5)","(0.0, 18.0, 6)","(0.0, 33.5, 7)",,,,,,,,,,,,,
139,"(0.0, 50.5, 5)","(0.0, 18.0, 6)","(0.0, 33.5, 7)",,,,,,,,,,,,,
140,"(0.0, 50.5, 5)","(0.0, 18.0, 6)","(0.0, 33.5, 7)",,,,,,,,,,,,,
141,"(0.0, 50.5, 5)","(0.0, 18.0, 6)","(0.0, 33.5, 7)",,,,,,,,,,,,,
142,"(0.0, 50.5, 5)","(0.0, 18.0, 6)","(0.0, 33.5, 7)",,,,,,,,,,,,,
143,"(0.0, 50.5, 5)","(0.0, 18.0, 6)","(0.0, 33.5, 7)",,,,,,,,,,,,,
144,"(0.0, 50.5, 5)","(0.0, 18.0, 6)","(0.0, 33.5, 7)",,,,,,,,,,,,,
145,"(0.0, 50.5, 5)","(0.0, 18.0, 6)","(0.0, 33.5, 7)",,,,,,,,,,,,,
146,"(0.0, 50.5, 5)","(0.0, 18.0, 6)","(0.0, 33.5, 7)",,,,,,,,,,,,,
147,"(0.0, 50.5, 5)","(0.0, 18.0, 6)","(26.1725046566048, 33.5, 7)","(0.0, 53.0, 8)","(0.0, 30.0, 9)","(0.0, 41.0, 10)",,,,,,,,,,
148,"(0.0, 50.5, 5)","(0.0, 18.0, 6)","(0.0, 33.5, 7)",,,,,,,,,,,,,
149,"(0.0, 50.5, 5)","(0.0, 18.0, 6)","(0.0, 33.5, 7)",,,,,,,,,,,,,
150,"(0.0, 50.5, 5)","(0.0, 18.0, 6)","(0.0, 33.5, 7)",,,,,,,,,,,,,
151,"(0.0, 50.5, 5)","(0.0, 18.0, 6)","(0.0, 33.5, 7)",,,,,,,,,,,,,
152,"(0.0, 50.5, 5)","(0.0, 18.0, 6)","(0.0, 33.5, 7)",,,,,,,,,,,,,
153,"(0.0, 50.5, 5)","(0.0, 18.0, 6)","(0.0, 33.5, 7)",,,,,,,,,,,,,
154,"(0.0, 50.5, 5)","(0.0, 18.0, 6)","(0.0, 33.5, 7)",,,,,,,,,,,,,
155,"(0.0, 50.5, 5)","(0.0, 18.0, 6)","(0.0, 33.5, 7)",,,,,,,,,,,,,
156,"(0.0, 50.5, 5)","(0.0, 18.0, 6)","(0.0, 33.5, 7)",,,,,,,,,,,,,
157,"(0.0, 50.5, 5)","(0.0, 18.0, 6)","(0.0, 33.5, 7)",,,,,,,,,,,,,
158,"(0.0, 50.5, 5)","(0.0, 18.0, 6)","(0.0, 33.5, 7)",,,,,,,,,,,,,
159,"(0.0, 50.5, 5)","(0.0, 18.0, 6)","(0.0, 33.5, 7)",,,,,,,,,,,,,
160,"(0.0, 50.5, 5)","(0.0, 18.0, 6)","(0.0, 33.5, 7)",,,,,,,,,,,,,
161,"(0.0, 50.5, 5)","(0.0, 18.0, 6)","(0.0, 33.5, 7)",,,,,,,,,,,,,
162,"(0.0, 50.5, 5)","(0.0, 18.0, 6)","(0.0, 33.5, 7)",,,,,,,,,,,,,
163,"(0.0, 50.5, 5)","(0.0, 18.0, 6)","(0.0, 33.5, 7)",,,,,,,,,,,,,
164,"(0.0, 50.5, 5)","(0.0, 18.0, 6)","(0.0, 33.5, 7)",,,,,,,,,,,,,
165,"(0.0, 50.5, 5)","(0.0, 18.0, 6)","(0.0, 33.5, 7)",,,,,,,,,,,,,
166,"(0.0, 50.5, 5)","(0.0, 18.0, 6)","(0.0, 33.5, 7)",,,,,,,,,,,,,
167,"(0.0, 50.5, 5)","(0.0, 18.0, 6)","(0.0, 33.5, 7)",,,,,,,,,,,,,
168,"(0.0, 50.5, 5)","(0.0, 18.0, 6)","(0.0, 33.5, 7)",,,,,,,,,,,,,
169,"(0.0, 50.5, 5)","(0.0, 18.0, 6)","(0.0, 33.5, 7)",,,,,,,,,,,,,
170,"(0.0, 50.5, 5)","(0.0, 18.0, 6)","(0.0, 33.5, 7)",,,,,,,,,,,,,
171,"(0.0, 50.5, 5)","(0.0, 18.0, 6)","(0.0, 33.5, 7)",,,,,,,,,,,,,
172,"(0.0, 50.5, 5)","(0.0, 18.0, 6)","(0.0, 33.5, 7)",,,,,,,,,,,,,
173,"(0.0, 50.5, 5)","(0.0, 18.0, 6)","(0.0, 33.5, 7)",,,,,,,,,,,,,
174,"(0.0, 50.5, 5)","(0.0, 18.0, 6)","(0.0, 33.5, 7)",,,,,,,,,,,,,
175,"(0.0, 50.5, 5)","(0.0, 18.0, 6)","(0.0, 33.5, 7)",,,,,,,,,,,,,
176,"(0.0, 50.5, 5)","(16.76305461424021, 18.0, 6)","(0.0, 33.5, 7)","(0.0, 53.0, 8)","(0.0, 30.0, 9)",,,,,,,,,,,
177,"(0.0, 50.5, 5)","(0.0, 18.0, 6)","(0.0, 33.5, 7)",,,,,,,,,,,,,
178,"(0.0, 50.5, 5)","(0.0, 18.0, 6)","(0.0, 33.5, 7)",,,,,,,,,,,,,
179,"(0.0, 50.5, 5)","(0.0, 18.0, 6)","(0.0, 33.5, 7)",,,,,,,,,,,,,
180,"(0.0, 33.5, 7)","(0.0, 53.0, 8)","(0.0, 30.0, 9)",,,,,,,,,,,,,
181,"(0.0, 33.5, 7)","(0.0, 53.0, 8)","(0.0, 30.0, 9)",,,,,,,,,,,,,
182,"(0.0, 33.5, 7)","(0.0, 53.0, 8)","(0.0, 30.0, 9)",,,,,,,,,,,,,
183,"(0.0, 33.5, 7)","(0.0, 53.0, 8)","(0.0, 30.0, 9)",,,,,,,,,,,,,
184,"(0.0, 33.5, 7)","(0.0, 53.0, 8)","(0.0, 30.0, 9)",,,,,,,,,,,,,
185,"(0.0, 33.5, 7)","(0.0, 53.0, 8)","(0.0, 30.0, 9)",,,,,,,,,,,,,
186,"(0.0, 33.5, 7)","(0.0, 53.0, 8)","(0.0, 30.0, 9)",,,,,,,,,,,,,
187,"(0.0, 33.5, 7)","(0.0, 53.0, 8)","(0.0, 30.0, 9)",,,,,,,,,,,,,
188,"(0.0, 33.5, 7)","(0.0, 53.0, 8)","(0.0, 30.0, 9)",,,,,,,,,,,,,
189,"(0.0, 33.5, 7)","(0.0, 53.0, 8)","(0.0, 30.0, 9)",,,,,,,,,,,,,
190,"(0.0, 33.5, 7)","(0.0, 53.0, 8)","(0.0, 30.0, 9)",,,,,,,,,,,,,
191,"(0.0, 33.5, 7)","(0.0, 53.0, 8)","(0.0, 30.0, 9)",,,,,,,,,,,,,
192,"(0.0, 33.5, 7)","(0.0, 53.0, 8)","(0.0, 30.0, 9)",,,,,,,,,,,,,
193,"(0.0, 33.5, 7)","(0.0, 53.0, 8)","(0.0, 30.0, 9)",,,,,,,,,,,,,
194,"(28.0, 33.5, 7)","(0.0, 53.0, 8)","(0.0, 30.0, 9)","(0.0, 41.0, 10)",,,,,,,,,,,,
195,"(0.0, 33.5, 7)","(0.0, 53.0, 8)","(0.0, 30.0, 9)",,,,,,,,,,,,,
196,"(0.0, 33.5, 7)","(0.0, 53.0, 8)","(0.0, 30.0, 9)",,,,,,,,,,,,,
197,"(0.0, 33.5, 7)","(0.0, 53.0, 8)","(0.0, 30.0, 9)",,,,,,,,,,,,,
198,"(0.0, 33.5, 7)","(0.0, 53.0, 8)","(0.0, 30.0, 9)",,,,,,,,,,,,,
199,"(0.0, 33.5, 7)","(0.0, 53.0, 8)","(0.0, 30.0, 9)",,,,,,,,,,,,,
200,"(0.0, 33.5, 7)","(0.0, 53.0, 8)","(0.0, 30.0, 9)",,,,,,,,,,,,,
201,"(0.0, 33.5, 7)","(0.0, 53.0, 8)","(20.396078054371138, 30.0, 9)","(0.0, 41.0, 10)","(0.0, 17.5, 11)","(0.0, 7.0, 12)",,,,,,,,,,
202,"(6.082762530298219, 33.5, 7)","(0.0, 53.0, 8)","(0.0, 30.0, 9)","(0.0, 41.0, 10)","(5.0990195135927845, 17.5, 11)","(0.0, 7.0, 12)","(0.0, 22.0, 13)","(0.0, 31.5, 14)",,,,,,,,
203,"(0.0, 33.5, 7)","(0.0, 53.0, 8)","(0.0, 30.0, 9)",,,,,,,,,,,,,
204,"(0.0, 33.5, 7)","(0.0, 53.0, 8)","(0.0, 30.0, 9)",,,,,,,,,,,,,
205,"(0.0, 33.5, 7)","(0.0, 53.0, 8)","(0.0, 30.0, 9)",,,,,,,,,,,,,
206,"(0.0, 33.5, 7)","(0.0, 53.0, 8)","(0.0, 30.0, 9)",,,,,,,,,,,,,
207,"(0.0, 33.5, 7)","(0.0, 53.0, 8)","(0.0, 30.0, 9)",,,,,,,,,,,,,
208,"(0.0, 33.5, 7)","(0.0, 53.0, 8)","(0.0, 30.0, 9)",,,,,,,,,,,,,
209,"(0.0, 53.0, 8)","(0.0, 30.0, 9)","(0.0, 41.0, 10)",,,,,,,,,,,,,
210,"(0.0, 53.0, 8)","(0.0, 30.0, 9)","(0.0, 41.0, 10)",,,,,,,,,,,,,
211,"(0.0, 53.0, 8)","(0.0, 30.0, 9)","(0.0, 41.0, 10)",,,,,,,,,,,,,
212,"(0.0, 53.0, 8)","(0.0, 30.0, 9)","(0.0, 41.0, 10)",,,,,,,,,,,,,
213,"(0.0, 53.0, 8)","(0.0, 30.0, 9)","(0.0, 41.0, 10)",,,,,,,,,,,,,
214,"(0.0, 53.0, 8)","(0.0, 30.0, 9)","(0.0, 41.0, 10)",,,,,,,,,,,,,
215,"(0.0, 53.0, 8)","(0.0, 30.0, 9)","(0.0, 41.0, 10)",,,,,,,,,,,,,
216,"(0.0, 53.0, 8)","(0.0, 30.0, 9)","(0.0, 41.0, 10)",,,,,,,,,,,,,
217,"(0.0, 53.0, 8)","(0.0, 30.0, 9)","(0.0, 41.0, 10)",,,,,,,,,,,,,
218,"(0.0, 53.0, 8)","(0.0, 30.0, 9)","(0.0, 41.0, 10)",,,,,,,,,,,,,
219,"(0.0, 53.0, 8)","(0.0, 30.0, 9)","(0.0, 41.0, 10)",,,,,,,,,,,,,
220,"(0.0, 53.0, 8)","(3.605551275463989, 30.0, 9)","(0.0, 41.0, 10)","(0.0, 17.5, 11)","(0.0, 7.0, 12)",,,,,,,,,,,
221,"(0.0, 53.0, 8)","(0.0, 30.0, 9)","(0.0, 41.0, 10)",,,,,,,,,,,,,
222,"(0.0, 53.0, 8)","(0.0, 30.0, 9)","(0.0, 41.0, 10)",,,,,,,,,,,,,
223,"(0.0, 53.0, 8)","(18.384776310850235, 30.0, 9)","(0.0, 41.0, 10)","(0.0, 17.5, 11)","(0.0, 7.0, 12)",,,,,,,,,,,
224,"(0.0, 53.0, 8)","(0.0, 30.0, 9)","(0.0, 41.0, 10)",,,,,,,,,,,,,
225,"(0.0, 53.0, 8)","(3.1622776601683795, 30.0, 9)","(0.0, 41.0, 10)","(0.0, 17.5, 11)","(0.0, 7.0, 12)",,,,,,,,,,,
226,"(0.0, 53.0, 8)","(0.0, 30.0, 9)","(0.0, 41.0, 10)",,,,,,,,,,,,,
227,"(0.0, 53.0, 8)","(0.0, 30.0, 9)","(0.0, 41.0, 10)",,,,,,,,,,,,,
228,"(0.0, 53.0, 8)","(0.0, 30.0, 9)","(0.0, 41.0, 10)",,,,,,,,,,,,,
229,"(0.0, 53.0, 8)","(0.0, 30.0, 9)","(0.0, 41.0, 10)",,,,,,,,,,,,,
230,"(0.0, 41.0, 10)","(0.0, 17.5, 11)","(0.0, 7.0, 12)",,,,,,,,,,,,,
231,"(0.0, 41.0, 10)","(0.0, 17.5, 11)","(0.0, 7.0, 12)",,,,,,,,,,,,,
232,"(0.0, 41.0, 10)","(0.0, 17.5, 11)","(0.0, 7.0, 12)",,,,,,,,,,,,,
233,"(0.0, 41.0, 10)","(0.0, 17.5, 11)","(19.313207915827967, 7.0, 12)","(0.0, 22.0, 13)","(0.0, 31.5, 14)","(0.0, 52.5, 15)",,,,,,,,,,
234,"(0.0, 41.0, 10)","(0.0, 17.5, 11)","(0.0, 7.0, 12)",,,,,,,,,,,,,
235,"(0.0, 41.0, 10)","(0.0, 17.5, 11)","(0.0, 7.0, 12)",,,,,,,,,,,,,
236,"(0.0, 41.0, 10)","(0.0, 17.5, 11)","(0.0, 7.0, 12)",,,,,,,,,,,,,
237,"(0.0, 41.0, 10)","(0.0, 17.5, 11)","(0.0, 7.0, 12)",,,,,,,,,,,,,
238,"(0.0, 41.0, 10)","(0.0, 17.5, 11)","(0.0, 7.0, 12)",,,,,,,,,,,,,
239,"(0.0, 41.0, 10)","(0.0, 17.5, 11)","(0.0, 7.0, 12)",,,,,,,,,,,,,
240,"(0.0, 41.0, 10)","(0.0, 17.5, 11)","(0.0, 7.0, 12)",,,,,,,,,,,,,
241,"(0.0, 41.0, 10)","(0.0, 17.5, 11)","(0.0, 7.0, 12)",,,,,,,,,,,,,
242,"(0.0, 41.0, 10)","(0.0, 17.5, 11)","(0.0, 7.0, 12)",,,,,,,,,,,,,
243,"(0.0, 41.0, 10)","(0.0, 17.5, 11)","(23.021728866442675, 7.0, 12)","(0.0, 22.0, 13)","(0.0, 31.5, 14)","(0.0, 52.5, 15)",,,,,,,,,,
244,"(0.0, 41.0, 10)","(0.0, 17.5, 11)","(0.0, 7.0, 12)",,,,,,,,,,,,,
245,"(0.0, 41.0, 10)","(0.0, 17.5, 11)","(0.0, 7.0, 12)",,,,,,,,,,,,,
246,"(0.0, 41.0, 10)","(0.0, 17.5, 11)","(0.0, 7.0, 12)",,,,,,,,,,,,,
247,"(0.0, 41.0, 10)","(0.0, 17.5, 11)","(0.0, 7.0, 12)",,,,,,,,,,,,,
248,"(0.0, 41.0, 10)","(0.0, 17.5, 11)","(0.0, 7.0, 12)",,,,,,,,,,,,,
249,"(0.0, 41.0, 10)","(0.0, 17.5, 11)","(0.0, 7.0, 12)",,,,,,,,,,,,,
250,"(0.0, 41.0, 10)","(0.0, 17.5, 11)","(0.0, 7.0, 12)",,,,,,,,,,,,,
251,"(0.0, 41.0, 10)","(0.0, 17.5, 11)","(0.0, 7.0, 12)",,,,,,,,,,,,,
252,"(0.0, 41.0, 10)","(0.0, 17.5, 11)","(0.0, 7.0, 12)",,,,,,,,,,,,,
253,"(0.0, 41.0, 10)","(0.0, 17.5, 11)","(0.0, 7.0, 12)",,,,,,,,,,,,,
254,"(0.0, 41.0, 10)","(25.019992006393608, 17.5, 11)","(0.0, 7.0, 12)","(0.0, 22.0, 13)","(0.0, 31.5, 14)",,,,,,,,,,,
255,"(0.0, 41.0, 10)","(0.0, 17.5, 11)","(0.0, 7.0, 12)",,,,,,,,,,,,,
256,"(0.0, 41.0, 10)","(0.0, 17.5, 11)","(0.0, 7.0, 12)",,,,,,,,,,,,,
257,"(0.0, 41.0, 10)","(24.515301344262525, 17.5, 11)","(0.0, 7.0, 12)","(0.0, 22.0, 13)","(0.0, 31.5, 14)",,,,,,,,,,,
258,"(0.0, 41.0, 10)","(0.0, 17.5, 11)","(0.0, 7.0, 12)",,,,,,,,,,,,,
259,"(0.0, 41.0, 10)","(0.0, 17.5, 11)","(0.0, 7.0, 12)",,,,,,,,,,,,,
260,"(0.0, 41.0, 10)","(0.0, 17.5, 11)","(10.0, 7.0, 12)","(0.0, 22.0, 13)","(0.0, 31.5, 14)","(0.0, 52.5, 15)","(18.788294228055936, 23.5, 16)","(0.0, 6.5, 17)","(0.0, 16.0, 18)","(0.0, 40.5, 19)",,,,,,
261,"(0.0, 41.0, 10)","(0.0, 17.5, 11)","(0.0, 7.0, 12)",,,,,,,,,,,,,
262,"(0.0, 41.0, 10)","(0.0, 17.5, 11)","(0.0, 7.0, 12)",,,,,,,,,,,,,
263,"(0.0, 41.0, 10)","(0.0, 17.5, 11)","(0.0, 7.0, 12)",,,,,,,,,,,,,
264,"(0.0, 41.0, 10)","(0.0, 17.5, 11)","(0.0, 7.0, 12)",,,,,,,,,,,,,
265,"(0.0, 41.0, 10)","(0.0, 17.5, 11)","(0.0, 7.0, 12)",,,,,,,,,,,,,
266,"(0.0, 41.0, 10)","(0.0, 17.5, 11)","(0.0, 7.0, 12)",,,,,,,,,,,,,
267,"(0.0, 41.0, 10)","(0.0, 17.5, 11)","(0.0, 7.0, 12)",,,,,,,,,,,,,
268,"(0.0, 41.0, 10)","(0.0, 17.5, 11)","(0.0, 7.0, 12)",,,,,,,,,,,,,
269,"(0.0, 41.0, 10)","(0.0, 17.5, 11)","(3.1622776601683795, 7.0, 12)","(0.0, 22.0, 13)","(0.0, 31.5, 14)","(0.0, 52.5, 15)","(5.385164807134504, 23.5, 16)","(4.0, 6.5, 17)","(3.1622776601683795, 16.0, 18)","(0.0, 40.5, 19)",,,,,,
270,"(0.0, 41.0, 10)","(0.0, 17.5, 11)","(0.0, 7.0, 12)",,,,,,,,,,,,,
271,"(0.0, 41.0, 10)","(0.0, 17.5, 11)","(0.0, 7.0, 12)",,,,,,,,,,,,,
272,"(0.0, 41.0, 10)","(0.0, 17.5, 11)","(0.0, 7.0, 12)",,,,,,,,,,,,,
273,"(0.0, 7.0, 12)","(0.0, 22.0, 13)","(0.0, 31.5, 14)",,,,,,,,,,,,,
274,"(0.0, 7.0, 12)","(0.0, 22.0, 13)","(0.0, 31.5, 14)",,,,,,,,,,,,,
275,"(0.0, 7.0, 12)","(0.0, 22.0, 13)","(0.0, 31.5, 14)",,,,,,,,,,,,,
276,"(0.0, 7.0, 12)","(0.0, 22.0, 13)","(0.0, 31.5, 14)",,,,,,,,,,,,,
277,"(0.0, 7.0, 12)","(0.0, 22.0, 13)","(0.0, 31.5, 14)",,,,,,,,,,,,,
278,"(0.0, 7.0, 12)","(0.0, 22.0, 13)","(0.0, 31.5, 14)",,,,,,,,,,,,,
279,"(0.0, 7.0, 12)","(0.0, 22.0, 13)","(0.0, 31.5, 14)",,,,,,,,,,,,,
280,"(0.0, 7.0, 12)","(0.0, 22.0, 13)","(0.0, 31.5, 14)",,,,,,,,,,,,,
281,"(0.0, 7.0, 12)","(0.0, 22.0, 13)","(0.0, 31.5, 14)",,,,,,,,,,,,,
282,"(0.0, 7.0, 12)","(0.0, 22.0, 13)","(0.0, 31.5, 14)",,,,,,,,,,,,,
283,"(0.0, 7.0, 12)","(0.0, 22.0, 13)","(0.0, 31.5, 14)",,,,,,,,,,,,,
284,"(0.0, 7.0, 12)","(0.0, 22.0, 13)","(0.0, 31.5, 14)",,,,,,,,,,,,,
285,"(0.0, 7.0, 12)","(0.0, 22.0, 13)","(0.0, 31.5, 14)",,,,,,,,,,,,,
286,"(12.041594578792296, 7.0, 12)","(0.0, 22.0, 13)","(0.0, 31.5, 14)","(0.0, 52.5, 15)",,,,,,,,,,,,
287,"(0.0, 7.0, 12)","(0.0, 22.0, 13)","(0.0, 31.5, 14)",,,,,,,,,,,,,
288,"(0.0, 7.0, 12)","(0.0, 22.0, 13)","(0.0, 31.5, 14)",,,,,,,,,,,,,
289,"(0.0, 7.0, 12)","(0.0, 22.0, 13)","(0.0, 31.5, 14)",,,,,,,,,,,,,
290,"(0.0, 7.0, 12)","(0.0, 22.0, 13)","(0.0, 31.5, 14)",,,,,,,,,,,,,
291,"(0.0, 7.0, 12)","(0.0, 22.0, 13)","(0.0, 31.5, 14)",,,,,,,,,,,,,
292,"(0.0, 7.0, 12)","(0.0, 22.0, 13)","(0.0, 31.5, 14)",,,,,,,,,,,,,
293,"(0.0, 7.0, 12)","(0.0, 22.0, 13)","(0.0, 31.5, 14)",,,,,,,,,,,,,
294,"(17.4928556845359, 7.0, 12)","(0.0, 22.0, 13)","(0.0, 31.5, 14)","(0.0, 52.5, 15)",,,,,,,,,,,,
295,"(0.0, 7.0, 12)","(0.0, 22.0, 13)","(0.0, 31.5, 14)",,,,,,,,,,,,,
296,"(0.0, 7.0, 12)","(0.0, 22.0, 13)","(0.0, 31.5, 14)",,,,,,,,,,,,,
297,"(0.0, 7.0, 12)","(0.0, 22.0, 13)","(0.0, 31.5, 14)",,,,,,,,,,,,,
298,"(8.54400374531753, 7.0, 12)","(0.0, 22.0, 13)","(0.0, 31.5, 14)","(0.0, 52.5, 15)","(17.204650534085253, 23.5, 16)","(0.0, 6.5, 17)","(22.80350850198276, 16.0, 18)","(0.0, 40.5, 19)",,,,,,,,
299,"(0.0, 7.0, 12)","(0.0, 22.0, 13)","(0.0, 31.5, 14)",,,,,,,,,,,,,
300,"(0.0, 7.0, 12)","(0.0, 22.0, 13)","(0.0, 31.5, 14)",,,,,,,,,,,,,
301,"(0.0, 7.0, 12)","(0.0, 22.0, 13)","(0.0, 31.5, 14)",,,,,,,,,,,,,
302,"(0.0, 7.0, 12)","(0.0, 22.0, 13)","(0.0, 31.5, 14)",,,,,,,,,,,,,
303,"(0.0, 7.0, 12)","(0.0, 22.0, 13)","(0.0, 31.5, 14)",,,,,,,,,,,,,
304,"(0.0, 7.0, 12)","(0.0, 22.0, 13)","(0.0, 31.5, 14)",,,,,,,,,,,,,
305,"(0.0, 22.0, 13)","(0.0, 31.5, 14)","(0.0, 52.5, 15)",,,,,,,,,,,,,
306,"(0.0, 22.0, 13)","(0.0, 31.5, 14)","(0.0, 52.5, 15)",,,,,,,,,,,,,
307,"(0.0, 22.0, 13)","(0.0, 31.5, 14)","(0.0, 52.5, 15)",,,,,,,,,,,,,
308,"(0.0, 22.0, 13)","(0.0, 31.5, 14)","(0.0, 52.5, 15)",,,,,,,,,,,,,
309,"(0.0, 22.0, 13)","(0.0, 31.5, 14)","(0.0, 52.5, 15)",,,,,,,,,,,,,
310,"(0.0, 22.0, 13)","(0.0, 31.5, 14)","(0.0, 52.5, 15)",,,,,,,,,,,,,
311,"(0.0, 22.0, 13)","(0.0, 31.5, 14)","(0.0, 52.5, 15)",,,,,,,,,,,,,
312,"(0.0, 22.0, 13)","(0.0, 31.5, 14)","(0.0, 52.5, 15)","(4.0, 23.5, 16)","(14.212670403551895, 6.5, 17)","(0.0, 16.0, 18)","(0.0, 40.5, 19)",,,,,,,,,
313,"(0.0, 22.0, 13)","(0.0, 31.5, 14)","(0.0, 52.5, 15)",,,,,,,,,,,,,
314,"(0.0, 22.0, 13)","(0.0, 31.5, 14)","(0.0, 52.5, 15)",,,,,,,,,,,,,
315,"(0.0, 22.0, 13)","(0.0, 31.5, 14)","(0.0, 52.5, 15)",,,,,,,,,,,,,
316,"(0.0, 22.0, 13)","(0.0, 31.5, 14)","(0.0, 52.5, 15)",,,,,,,,,,,,,
317,"(0.0, 22.0, 13)","(0.0, 31.5, 14)","(0.0, 52.5, 15)",,,,,,,,,,,,,
318,"(0.0, 22.0, 13)","(0.0, 31.5, 14)","(0.0, 52.5, 15)",,,,,,,,,,,,,
319,"(0.0, 22.0, 13)","(0.0, 31.5, 14)","(0.0, 52.5, 15)",,,,,,,,,,,,,
320,"(0.0, 22.0, 13)","(0.0, 31.5, 14)","(0.0, 52.5, 15)",,,,,,,,,,,,,
321,"(0.0, 22.0, 13)","(0.0, 31.5, 14)","(0.0, 52.5, 15)",,,,,,,,,,,,,
322,"(0.0, 22.0, 13)","(0.0, 31.5, 14)","(0.0, 52.5, 15)",,,,,,,,,,,,,
323,"(0.0, 22.0, 13)","(0.0, 31.5, 14)","(0.0, 52.5, 15)",,,,,,,,,,,,,
324,"(0.0, 22.0, 13)","(0.0, 31.5, 14)","(0.0, 52.5, 15)",,,,,,,,,,,,,
325,"(0.0, 22.0, 13)","(0.0, 31.5, 14)","(0.0, 52.5, 15)",,,,,,,,,,,,,
326,"(0.0, 22.0, 13)","(0.0, 31.5, 14)","(0.0, 52.5, 15)",,,,,,,,,,,,,
327,"(0.0, 22.0, 13)","(0.0, 31.5, 14)","(0.0, 52.5, 15)",,,,,,,,,,,,,
328,"(0.0, 22.0, 13)","(0.0, 31.5, 14)","(0.0, 52.5, 15)",,,,,,,,,,,,,
329,"(0.0, 22.0, 13)","(0.0, 31.5, 14)","(0.0, 52.5, 15)",,,,,,,,,,,,,
330,"(0.0, 22.0, 13)","(0.0, 31.5, 14)","(0.0, 52.5, 15)",,,,,,,,,,,,,
331,"(0.0, 22.0, 13)","(0.0, 31.5, 14)","(0.0, 52.5, 15)",,,,,,,,,,,,,
332,"(0.0, 22.0, 13)","(0.0, 31.5, 14)","(0.0, 52.5, 15)",,,,,,,,,,,,,
333,"(0.0, 22.0, 13)","(0.0, 31.5, 14)","(0.0, 52.5, 15)",,,,,,,,,,,,,
334,"(0.0, 22.0, 13)","(0.0, 31.5, 14)","(0.0, 52.5, 15)",,,,,,,,,,,,,
335,"(0.0, 22.0, 13)","(0.0, 31.5, 14)","(0.0, 52.5, 15)",,,,,,,,,,,,,
336,"(0.0, 22.0, 13)","(0.0, 31.5, 14)","(0.0, 52.5, 15)",,,,,,,,,,,,,
337,"(0.0, 22.0, 13)","(0.0, 31.5, 14)","(0.0, 52.5, 15)",,,,,,,,,,,,,
338,"(0.0, 22.0, 13)","(0.0, 31.5, 14)","(0.0, 52.5, 15)",,,,,,,,,,,,,
339,"(0.0, 22.0, 13)","(0.0, 31.5, 14)","(0.0, 52.5, 15)",,,,,,,,,,,,,
340,"(0.0, 22.0, 13)","(0.0, 31.5, 14)","(0.0, 52.5, 15)",,,,,,,,,,,,,
341,"(0.0, 22.0, 13)","(0.0, 31.5, 14)","(0.0, 52.5, 15)",,,,,,,,,,,,,
342,"(0.0, 22.0, 13)","(0.0, 31.5, 14)","(0.0, 52.5, 15)",,,,,,,,,,,,,
343,"(0.0, 22.0, 13)","(0.0, 31.5, 14)","(0.0, 52.5, 15)",,,,,,,,,,,,,
344,"(0.0, 22.0, 13)","(0.0, 31.5, 14)","(0.0, 52.5, 15)",,,,,,,,,,,,,
345,"(0.0, 22.0, 13)","(0.0, 31.5, 14)","(0.0, 52.5, 15)",,,,,,,,,,,,,
346,"(0.0, 22.0, 13)","(0.0, 31.5, 14)","(0.0, 52.5, 15)",,,,,,,,,,,,,
347,"(0.0, 22.0, 13)","(0.0, 31.5, 14)","(0.0, 52.5, 15)",,,,,,,,,,,,,
348,"(0.0, 22.0, 13)","(0.0, 31.5, 14)","(0.0, 52.5, 15)",,,,,,,,,,,,,
349,"(0.0, 22.0, 13)","(0.0, 31.5, 14)","(0.0, 52.5, 15)",,,,,,,,,,,,,
350,"(0.0, 22.0, 13)","(0.0, 31.5, 14)","(0.0, 52.5, 15)",,,,,,,,,,,,,
351,"(0.0, 22.0, 13)","(0.0, 31.5, 14)","(0.0, 52.5, 15)","(8.246211251235321, 23.5, 16)","(16.55294535724685, 6.5, 17)","(0.0, 16.0, 18)","(0.0, 40.5, 19)",,,,,,,,,
352,"(0.0, 22.0, 13)","(0.0, 31.5, 14)","(0.0, 52.5, 15)",,,,,,,,,,,,,
353,"(0.0, 22.0, 13)","(0.0, 31.5, 14)","(0.0, 52.5, 15)",,,,,,,,,,,,,
354,"(0.0, 22.0, 13)","(0.0, 31.5, 14)","(0.0, 52.5, 15)",,,,,,,,,,,,,
355,"(0.0, 22.0, 13)","(0.0, 31.5, 14)","(0.0, 52.5, 15)",,,,,,,,,,,,,
356,"(0.0, 22.0, 13)","(0.0, 31.5, 14)","(0.0, 52.5, 15)",,,,,,,,,,,,,
357,"(0.0, 22.0, 13)","(0.0, 31.5, 14)","(0.0, 52.5, 15)",,,,,,,,,,,,,
358,"(0.0, 22.0, 13)","(0.0, 31.5, 14)","(0.0, 52.5, 15)",,,,,,,,,,,,,
359,"(0.0, 22.0, 13)","(0.0, 31.5, 14)","(0.0, 52.5, 15)",,,,,,,,,,,,,
360,"(0.0, 22.0, 13)","(0.0, 31.5, 14)","(0.0, 52.5, 15)",,,,,,,,,,,,,
361,"(0.0, 22.0, 13)","(0.0, 31.5, 14)","(0.0, 52.5, 15)",,,,,,,,,,,,,
362,"(0.0, 22.0, 13)","(0.0, 31.5, 14)","(0.0, 52.5, 15)",,,,,,,,,,,,,
363,"(0.0, 22.0, 13)","(0.0, 31.5, 14)","(0.0, 52.5, 15)",,,,,,,,,,,,,
364,"(0.0, 22.0, 13)","(0.0, 31.5, 14)","(0.0, 52.5, 15)",,,,,,,,,,,,,
365,"(0.0, 22.0, 13)","(0.0, 31.5, 14)","(0.0, 52.5, 15)","(21.095023109728988, 23.5, 16)","(23.40939982143925, 6.5, 17)","(0.0, 16.0, 18)","(0.0, 40.5, 19)",,,,,,,,,
366,"(0.0, 22.0, 13)","(0.0, 31.5, 14)","(0.0, 52.5, 15)",,,,,,,,,,,,,
367,"(0.0, 22.0, 13)","(0.0, 31.5, 14)","(0.0, 52.5, 15)",,,,,,,,,,,,,
368,"(0.0, 22.0, 13)","(0.0, 31.5, 14)","(0.0, 52.5, 15)",,,,,,,,,,,,,
369,"(0.0, 22.0, 13)","(0.0, 31.5, 14)","(0.0, 52.5, 15)",,,,,,,,,,,,,
370,"(0.0, 22.0, 13)","(0.0, 31.5, 14)","(0.0, 52.5, 15)",,,,,,,,,,,,,
371,"(0.0, 22.0, 13)","(0.0, 31.5, 14)","(0.0, 52.5, 15)",,,,,,,,,,,,,
372,"(0.0, 22.0, 13)","(0.0, 31.5, 14)","(0.0, 52.5, 15)",,,,,,,,,,,,,
373,"(0.0, 22.0, 13)","(0.0, 31.5, 14)","(0.0, 52.5, 15)",,,,,,,,,,,,,
374,"(0.0, 22.0, 13)","(0.0, 31.5, 14)","(0.0, 52.5, 15)",,,,,,,,,,,,,
375,"(0.0, 22.0, 13)","(0.0, 31.5, 14)","(0.0, 52.5, 15)",,,,,,,,,,,,,
376,"(0.0, 22.0, 13)","(0.0, 31.5, 14)","(0.0, 52.5, 15)",,,,,,,,,,,,,
377,"(0.0, 22.0, 13)","(0.0, 31.5, 14)","(0.0, 52.5, 15)",,,,,,,,,,,,,
378,"(0.0, 22.0, 13)","(0.0, 31.5, 14)","(0.0, 52.5, 15)",,,,,,,,,,,,,
379,"(0.0, 22.0, 13)","(0.0, 31.5, 14)","(0.0, 52.5, 15)",,,,,,,,,,,,,
380,"(0.0, 22.0, 13)","(0.0, 31.5, 14)","(0.0, 52.5, 15)",,,,,,,,,,,,,
381,"(0.0, 22.0, 13)","(0.0, 31.5, 14)","(0.0, 52.5, 15)",,,,,,,,,,,,,
382,"(0.0, 22.0, 13)","(0.0, 31.5, 14)","(0.0, 52.5, 15)",,,,,,,,,,,,,
383,"(0.0, 22.0, 13)","(0.0, 31.5, 14)","(0.0, 52.5, 15)",,,,,,,,,,,,,
384,"(0.0, 22.0, 13)","(0.0, 31.5, 14)","(0.0, 52.5, 15)",,,,,,,,,,,,,
385,"(0.0, 22.0, 13)","(0.0, 31.5, 14)","(0.0, 52.5, 15)",,,,,,,,,,,,,
386,"(0.0, 22.0, 13)","(0.0, 31.5, 14)","(0.0, 52.5, 15)",,,,,,,,,,,,,
387,"(0.0, 22.0, 13)","(0.0, 31.5, 14)","(0.0, 52.5, 15)",,,,,,,,,,,,,
388,"(0.0, 22.0, 13)","(0.0, 31.5, 14)","(0.0, 52.5, 15)",,,,,,,,,,,,,
389,"(0.0, 22.0, 13)","(0.0, 31.5, 14)","(0.0, 52.5, 15)",,,,,,,,,,,,,
390,"(0.0, 22.0, 13)","(0.0, 31.5, 14)","(0.0, 52.5, 15)",,,,,,,,,,,,,
391,"(0.0, 22.0, 13)","(0.0, 31.5, 14)","(0.0, 52.5, 15)",,,,,,,,,,,,,
392,"(0.0, 22.0, 13)","(0.0, 31.5, 14)","(0.0, 52.5, 15)",,,,,,,,,,,,,
393,"(0.0, 22.0, 13)","(0.0, 31.5, 14)","(0.0, 52.5, 15)",,,,,,,,,,,,,
394,"(0.0, 22.0, 13)","(0.0, 31.5, 14)","(0.0, 52.5, 15)",,,,,,,,,,,,,
395,"(0.0, 22.0, 13)","(0.0, 31.5, 14)","(0.0, 52.5, 15)",,,,,,,,,,,,,
396,"(0.0, 22.0, 13)","(0.0, 31.5, 14)","(0.0, 52.5, 15)",,,,,,,,,,,,,
397,"(0.0, 22.0, 13)","(0.0, 31.5, 14)","(0.0, 52.5, 15)",,,,,,,,,,,,,
398,"(0.0, 22.0, 13)","(0.0, 31.5, 14)","(0.0, 52.5, 15)",,,,,,,,,,,,,
399,"(0.0, 22.0, 13)","(0.0, 31.5, 14)","(0.0, 52.5, 15)",,,,,,,,,,,,,
400,"(0.0, 22.0, 13)","(0.0, 31.5, 14)","(0.0, 52.5, 15)",,,,,,,,,,,,,
401,"(0.0, 22.0, 13)","(0.0, 31.5, 14)","(0.0, 52.5, 15)",,,,,,,,,,,,,
402,"(0.0, 6.5, 17)","(0.0, 16.0, 18)","(0.0, 40.5, 19)",,,,,,,,,,,,,
403,"(0.0, 6.5, 17)","(0.0, 16.0, 18)","(0.0, 40.5, 19)",,,,,,,,,,,,,
404,"(0.0, 6.5, 17)","(0.0, 16.0, 18)","(0.0, 40.5, 19)",,,,,,,,,,,,,
405,"(0.0, 6.5, 17)","(0.0, 16.0, 18)","(0.0, 40.5, 19)",,,,,,,,,,,,,
406,"(0.0, 6.5, 17)","(0.0, 16.0, 18)","(0.0, 40.5, 19)",,,,,,,,,,,,,
407,"(0.0, 6.5, 17)","(0.0, 16.0, 18)","(0.0, 40.5, 19)",,,,,,,,,,,,,
408,"(0.0, 6.5, 17)","(0.0, 16.0, 18)","(0.0, 40.5, 19)",,,,,,,,,,,,,
409,"(0.0, 6.5, 17)","(0.0, 16.0, 18)","(0.0, 40.5, 19)",,,,,,,,,,,,,
410,"(0.0, 6.5, 17)","(0.0, 16.0, 18)","(0.0, 40.5, 19)",,,,,,,,,,,,,
411,"(14.317821063276353, 6.5, 17)","(0.0, 16.0, 18)","(0.0, 40.5, 19)",,,,,,,,,,,,,
412,"(0.0, 6.5, 17)","(0.0, 16.0, 18)","(0.0, 40.5, 19)",,,,,,,,,,,,,
413,"(0.0, 6.5, 17)","(0.0, 16.0, 18)","(0.0, 40.5, 19)",,,,,,,,,,,,,
414,"(0.0, 6.5, 17)","(0.0, 16.0, 18)","(0.0, 40.5, 19)",,,,,,,,,,,,,
415,"(0.0, 6.5, 17)","(0.0, 16.0, 18)","(0.0, 40.5, 19)",,,,,,,,,,,,,
416,"(0.0, 6.5, 17)","(0.0, 16.0, 18)","(0.0, 40.5, 19)",,,,,,,,,,,,,
417,"(0.0, 6.5, 17)","(0.0, 16.0, 18)","(0.0, 40.5, 19)",,,,,,,,,,,,,
418,"(22.135943621178654, 6.5, 17)","(0.0, 16.0, 18)","(0.0, 40.5, 19)",,,,,,,,,,,,,
419,"(0.0, 6.5, 17)","(0.0, 16.0, 18)","(0.0, 40.5, 19)",,,,,,,,,,,,,
420,"(0.0, 6.5, 17)","(0.0, 16.0, 18)","(0.0, 40.5, 19)",,,,,,,,,,,,,
421,"(0.0, 6.5, 17)","(0.0, 16.0, 18)","(0.0, 40.5, 19)",,,,,,,,,,,,,
422,"(0.0, 6.5, 17)","(0.0, 16.0, 18)","(0.0, 40.5, 19)",,,,,,,,,,,,,
423,"(0.0, 6.5, 17)","(0.0, 16.0, 18)","(0.0, 40.5, 19)",,,,,,,,,,,,,
424,"(0.0, 6.5, 17)","(0.0, 16.0, 18)","(0.0, 40.5, 19)",,,,,,,,,,,,,
425,"(0.0, 6.5, 17)","(8.54400374531753, 16.0, 18)","(0.0, 40.5, 19)",,,,,,,,,,,,,
426,"(0.0, 6.5, 17)","(0.0, 16.0, 18)","(0.0, 40.5, 19)",,,,,,,,,,,,,
427,"(0.0, 6.5, 17)","(0.0, 16.0, 18)","(0.0, 40.5, 19)",,,,,,,,,,,,,
428,"(0.0, 6.5, 17)","(0.0, 16.0, 18)","(0.0, 40.5, 19)",,,,,,,,,,,,,
429,"(0.0, 6.5, 17)","(0.0, 16.0, 18)","(0.0, 40.5, 19)",,,,,,,,,,,,,
430,"(0.0, 6.5, 17)","(11.180339887498949, 16.0, 18)","(0.0, 40.5, 19)",,,,,,,,,,,,,
431,"(0.0, 16.0, 18)","(0.0, 40.5, 19)",,,,,,,,,,,,,,
432,"(0.0, 16.0, 18)","(0.0, 40.5, 19)",,,,,,,,,,,,,,
433,"(0.0, 16.0, 18)","(0.0, 40.5, 19)",,,,,,,,,,,,,,
434,"(0.0, 16.0, 18)","(0.0, 40.5, 19)",,,,,,,,,,,,,,
435,"(0.0, 16.0, 18)","(0.0, 40.5, 19)",,,,,,,,,,,,,,
436,"(0.0, 16.0, 18)","(0.0, 40.5, 19)",,,,,,,,,,,,,,
437,"(0.0, 16.0, 18)","(0.0, 40.5, 19)",,,,,,,,,,,,,,
438,"(0.0, 16.0, 18)","(0.0, 40.5, 19)",,,,,,,,,,,,,,
439,"(0.0, 16.0, 18)","(0.0, 40.5, 19)",,,,,,,,,,,,,,
440,"(0.0, 16.0, 18)","(0.0, 40.5, 19)",,,,,,,,,,,,,,
441,"(0.0, 16.0, 18)","(0.0, 40.5, 19)",,,,,,,,,,,,,,
442,"(14.560219778561036, 16.0, 18)","(0.0, 40.5, 19)",,,,,,,,,,,,,,
443,"(0.0, 16.0, 18)","(0.0, 40.5, 19)",,,,,,,,,,,,,,
444,"(0.0, 16.0, 18)","(0.0, 40.5, 19)",,,,,,,,,,,,,,
445,"(0.0, 16.0, 18)","(0.0, 40.5, 19)",,,,,,,,,,,,,,
446,"(0.0, 16.0, 18)","(0.0, 40.5, 19)",,,,,,,,,,,,,,
447,"(0.0, 16.0, 18)","(0.0, 40.5, 19)",,,,,,,,,,,,,,
448,"(0.0, 16.0, 18)","(0.0, 40.5, 19)",,,,,,,,,,,,,,
449,"(0.0, 16.0, 18)","(0.0, 40.5, 19)",,,,,,,,,,,,,,
450,"(0.0, 16.0, 18)","(0.0, 40.5, 19)",,,,,,,,,,,,,,
451,"(0.0, 16.0, 18)","(0.0, 40.5, 19)",,,,,,,,,,,,,,
452,"(0.0, 16.0, 18)","(0.0, 40.5, 19)",,,,,,,,,,,,,,
453,"(0.0, 16.0, 18)","(0.0, 40.5, 19)",,,,,,,,,,,,,,
454,"(0.0, 16.0, 18)","(0.0, 40.5, 19)",,,,,,,,,,,,,,
455,"(0.0, 16.0, 18)","(0.0, 40.5, 19)",,,,,,,,,,,,,,
456,"(0.0, 16.0, 18)","(0.0, 40.5, 19)",,,,,,,,,,,,,,
457,"(0.0, 16.0, 18)","(0.0, 40.5, 19)",,,,,,,,,,,,,,
458,"(0.0, 16.0, 18)","(0.0, 40.5, 19)",,,,,,,,,,,,,,
459,"(0.0, 16.0, 18)","(0.0, 40.5, 19)",,,,,,,,,,,,,,
460,"(0.0, 16.0, 18)","(0.0, 40.5, 19)",,,,,,,,,,,,,,
461,"(0.0, 16.0, 18)","(0.0, 40.5, 19)",,,,,,,,,,,,,,
462,"(0.0, 16.0, 18)","(0.0, 40.5, 19)",,,,,,,,,,,,,,
463,"(0.0, 16.0, 18)","(0.0, 40.5, 19)",,,,,,,,,,,,,,
464,"(0.0, 16.0, 18)","(0.0, 40.5, 19)",,,,,,,,,,,,,,
465,"(0.0, 16.0, 18)","(0.0, 40.5, 19)",,,,,,,,,,,,,,
466,"(14.212670403551895, 16.0, 18)","(0.0, 40.5, 19)",,,,,,,,,,,,,,
467,"(0.0, 16.0, 18)","(0.0, 40.5, 19)",,,,,,,,,,,,,,
468,"(0.0, 16.0, 18)","(0.0, 40.5, 19)",,,,,,,,,,,,,,
469,"(0.0, 16.0, 18)","(0.0, 40.5, 19)",,,,,,,,,,,,,,
470,"(0.0, 16.0, 18)","(0.0, 40.5, 19)",,,,,,,,,,,,,,
471,"(0.0, 16.0, 18)","(0.0, 40.5, 19)",,,,,,,,,,,,,,
472,"(0.0, 16.0, 18)","(0.0, 40.5, 19)",,,,,,,,,,,,,,
473,"(0.0, 16.0, 18)","(0.0, 40.5, 19)",,,,,,,,,,,,,,
474,"(0.0, 16.0, 18)","(0.0, 40.5, 19)",,,,,,,,,,,,,,
475,"(0.0, 16.0, 18)","(0.0, 40.5, 19)",,,,,,,,,,,,,,
476,"(0.0, 16.0, 18)","(0.0, 40.5, 19)",,,,,,,,,,,,,,
477,"(0.0, 16.0, 18)","(0.0, 40.5, 19)",,,,,,,,,,,,,,
478,"(0.0, 16.0, 18)","(0.0, 40.5, 19)",,,,,,,,,,,,,,
479,"(0.0, 16.0, 18)","(0.0, 40.5, 19)",,,,,,,,,,,,,,
480,"(0.0, 16.0, 18)","(0.0, 40.5, 19)",,,,,,,,,,,,,,
481,"(0.0, 16.0, 18)","(0.0, 40.5, 19)",,,,,,,,,,,,,,
482,"(16.55294535724685, 16.0, 18)","(0.0, 40.5, 19)",,,,,,,,,,,,,,
483,"(0.0, 16.0, 18)","(0.0, 40.5, 19)",,,,,,,,,,,,,,
484,"(0.0, 16.0, 18)","(0.0, 40.5, 19)",,,,,,,,,,,,,,
485,"(2.0, 16.0, 18)","(0.0, 40.5, 19)",,,,,,,,,,,,,,
486,"(0.0, 16.0, 18)","(0.0, 40.5, 19)",,,,,,,,,,,,,,
487,"(0.0, 16.0, 18)","(0.0, 40.5, 19)",,,,,,,,,,,,,,
488,"(0.0, 16.0, 18)","(0.0, 40.5, 19)",,,,,,,,,,,,,,
489,"(0.0, 16.0, 18)","(0.0, 40.5, 19)",,,,,,,,,,,,,,
490,"(0.0, 16.0, 18)","(0.0, 40.5, 19)",,,,,,,,,,,,,,
491,"(0.0, 16.0, 18)","(0.0, 40.5, 19)",,,,,,,,,,,,,,
492,"(0.0, 16.0, 18)","(0.0, 40.5, 19)",,,,,,,,,,,,,,
493,"(0.0, 16.0, 18)","(0.0, 40.5, 19)",,,,,,,,,,,,,,
494,"(0.0, 16.0, 18)","(0.0, 40.5, 19)",,,,,,,,,,,,,,
495,"(0.0, 16.0, 18)","(0.0, 40.5, 19)",,,,,,,,,,,,,,
496,"(22.80350850198276, 16.0, 18)","(0.0, 40.5, 19)",,,,,,,,,,,,,,
497,"(0.0, 16.0, 18)","(0.0, 40.5, 19)",,,,,,,,,,,,,,
498,"(0.0, 16.0, 18)","(0.0, 40.5, 19)",,,,,,,,,,,,,,
499,"(0.0, 16.0, 18)","(0.0, 40.5, 19)",,,,,,,,,,,,,,
500,"(0.0, 16.0, 18)","(0.0, 40.5, 19)",,,,,,,,,,,,,,
501,"(0.0, 16.0, 18)","(0.0, 40.5, 19)",,,,,,,,,,,,,,
502,"(0.0, 16.0, 18)","(0.0, 40.5, 19)",,,,,,,,,,,,,,
503,"(0.0, 16.0, 18)","(0.0, 40.5, 19)",,,,,,,,,,,,,,
504,"(0.0, 16.0, 18)","(0.0, 40.5, 19)",,,,,,,,,,,,,,
505,"(0.0, 16.0, 18)","(0.0, 40.5, 19)",,,,,,,,,,,,,,
506,"(17.804493814764857, 16.0, 18)","(0.0, 40.5, 19)",,,,,,,,,,,,,,
507,"(0.0, 16.0, 18)","(0.0, 40.5, 19)",,,,,,,,,,,,,,
508,"(0.0, 16.0, 18)","(0.0, 40.5, 19)",,,,,,,,,,,,,,
509,"(0.0, 16.0, 18)","(0.0, 40.5, 19)",,,,,,,,,,,,,,
510,"(0.0, 16.0, 18)","(0.0, 40.5, 19)",,,,,,,,,,,,,,
511,"(0.0, 16.0, 18)","(0.0, 40.5, 19)",,,,,,,,,,,,,,
512,"(0.0, 16.0, 18)","(0.0, 40.5, 19)",,,,,,,,,,,,,,
513,"(0.0, 16.0, 18)","(0.0, 40.5, 19)",,,,,,,,,,,,,,
514,"(0.0, 16.0, 18)","(0.0, 40.5, 19)",,,,,,,,,,,,,,
515,"(0.0, 16.0, 18)","(0.0, 40.5, 19)",,,,,,,,,,,,,,
516,"(20.248456731316587, 16.0, 18)","(0.0, 40.5, 19)",,,,,,,,,,,,,,
517,"(0.0, 16.0, 18)","(0.0, 40.5, 19)",,,,,,,,,,,,,,
518,"(0.0, 40.5, 19)",,,,,,,,,,,,,,,
519,"(0.0, 40.5, 19)",,,,,,,,,,,,,,,
520,"(0.0, 40.5, 19)",,,,,,,,,,,,,,,
521,"(0.0, 40.5, 19)",,,,,,,,,,,,,,,
522,"(0.0, 40.5, 19)",,,,,,,,,,,,,,,
523,"(0.0, 40.5, 19)",,,,,,,,,,,,,,,
524,"(0.0, 40.5, 19)",,,,,,,,,,,,,,,
525,"(0.0, 40.5, 19)",,,,,,,,,,,,,,,
526,"(0.0, 40.5, 19)",,,,,,,,,,,,,,,
527,"(0.0, 40.5, 19)",,,,,,,,,,,,,,,
528,"(0.0, 40.5, 19)",,,,,,,,,,,,,,,
529,"(0.0, 40.5, 19)",,,,,,,,,,,,,,,
530,"(0.0, 40.5, 19)",,,,,,,,,,,,,,,
531,"(0.0, 40.5, 19)",,,,,,,,,,,,,,,
532,"(0.0, 40.5, 19)",,,,,,,,,,,,,,,
533,"(0.0, 40.5, 19)",,,,,,,,,,,,,,,
534,"(0.0, 40.5, 19)",,,,,,,,,,,,,,,
535,"(0.0, 40.5, 19)",,,,,,,,,,,,,,,
536,"(0.0, 40.5, 19)",,,,,,,,,,,,,,,
537,"(0.0, 40.5, 19)",,,,,,,,,,,,,,,
538,"(0.0, 40.5, 19)",,,,,,,,,,,,,,,
539,"(0.0, 40.5, 19)",,,,,,,,,,,,,,,
540,"(0.0, 40.5, 19)",,,,,,,,,,,,,,,
541,"(0.0, 40.5, 19)",,,,,,,,,,,,,,,
542,"(0.0, 40.5, 19)",,,,,,,,,,,,,,,
543,"(0.0, 40.5, 19)",,,,,,,,,,,,,,,
544,"(0.0, 40.5, 19)",,,,,,,,,,,,,,,
545,"(0.0, 40.5, 19)",,,,,,,,,,,,,,,
546,"(0.0, 40.5, 19)",,,,,,,,,,,,,,,
547,"(0.0, 40.5, 19)",,,,,,,,,,,,,,,
548,"(0.0, 40.5, 19)",,,,,,,,,,,,,,,
549,"(0.0, 40.5, 19)",,,,,,,,,,,,,,,
550,"(0.0, 40.5, 19)",,,,,,,,,,,,,,,
551,"(0.0, 40.5, 19)",,,,,,,,,,,,,,,
552,"(0.0, 40.5, 19)",,,,,,,,,,,,,,,
553,"(0.0, 40.5, 19)",,,,,,,,,,,,,,,
554,"(0.0, 40.5, 19)",,,,,,,,,,,,,,,
555,"(0.0, 40.5, 19)",,,,,,,,,,,,,,,
